7.658.039;;;;
7.659.145;;;;
7.658.788;;;;
7.657.960;;;;
7.658.788;;;;
7.658.517;;;;
7.658.392;;;;
7.658.021;;;;
7.658.772;;;;
7.657.641;;;;
7.658.285;;;;
7.658.785;;;;
7.659.036;;;;
7.658.473;;;;
7.659.225;;;;
7.658.401;;;;
7.658.779;;;;
7.659.151;;;;
7.658.733;;;;
7.658.713;;;;
7.658.518;;;;
7.658.260;;;;
7.658.463;;;;
7.657.636;;;;
7.657.780;;;;
7.658.227;;;;
7.658.045;;;;
7.658.652;;;;
7.658.540;;;;
7.657.645;;;;
7.658.251;;;;
7.658.638;;;;
7.658.416;;;;
7.659.283;;;;
7.658.603;;;;
7.658.533;;;;
7.658.911;;;;
7.658.776;;;;
7.658.533;;;;
7.657.660;;;;
7.657.438;;;;
7.658.265;;;;
7.658.275;;;;
7.657.399;;;;
7.658.669;;;;
7.657.974;;;;
7.658.643;;;;
7.657.829;;;;
7.658.662;;;;
7.658.220;;;;
